<?xml version="1.0" encoding="UTF-8"?>
<projectDescription>
	<name>cableone-roku-hd</name>
	<comment></comment>
	<projects>
	</projects>
	<buildSpec>
		<buildCommand>
			<name>com.roku.brightscript.ide.eclipse.core.builders.BrightScriptBuilder</name>
			<arguments>
			</arguments>
		</buildCommand>
		<buildCommand>
			<name>org.eclipse.dltk.core.scriptbuilder</name>
			<arguments>
			</arguments>
		</buildCommand>
	</buildSpec>
	<natures>
		<nature>com.roku.brightscript.ide.eclipse.core.nature</nature>
	</natures>
</projectDescription>
