<?xml version="1.0" encoding="utf-8" ?>
<!--********** Copyright 2016 Roku Corp.  All Rights Reserved. **********-->

 
<component name="SimpleRowListItem" extends="Group">
 
<interface> 
  <field id="itemContent" type="node" onChange="itemContentChanged"/> 
</interface>
 
<script type="text/brightscript" >
<![CDATA[ 
  function itemContentChanged() as void
    itemData = m.top.itemContent
    m.itemImage.uri = itemData.posterUrl
    m.itemText.text = itemData.labelText
  end function
    
  function init() as void
    print "Inside init"
    m.itemImage = m.top.findNode("itemImage") 
    m.itemText = m.top.findNode("itemText") 
    print "Leaving init"
  end function
]]>
</script>

<children>
    <!--  <LayoutGroup layoutDirection="vert" vertAlignment="top" itemSpacings="20" translation="[0,0]" >
        <Poster id="itemImage" translation="[0,0]" width="196" height="148" />
        <Label id="itemText" horizAlign="center" translation="[0,0]" font="font:MediumSystemFont" width="196" height="65" />
    </LayoutGroup>-->
    <Poster
			id="cover"/>
		<Poster
			id="backgroundPoster"
			uri="pkg:/images/backgroundGradient.png"/>	

		<LayoutGroup
			id="itemDetails"
			layoutdirection = "vert"
    		horizalignment ="left"
    		vertalignment = "bottom"
    		additemspacingafterchild = "true"  
    		itemspacings = "[10,10]">
			
			<Label
				id="title"
				horizAlign="left"
				color="0xFFFFFFFF"
				text="title"
				font="font:MediumBoldSystemFont"/>
	
			<Label
				id="itemInfo"
				text="itemInfo"
				horizAlign="left"
				color="0xFFFFFFFF"
				font="font:MediumBoldSystemFont" visible="false"/>
	
			<Label
				id="description"
				text="description"
				horizAlign="left"
				color="0xFFFFFFFF"
				numLines="2"
				width="300"
				wrap="true"
				lineSpacing="-0.5"
				font="font:SmallestSystemFont"/>
		</LayoutGroup>
</children>

</component>
